EmployeeID,FirstName,LastName,Department,Position,Salary,DateOfJoining,Age,Gender
1,Bob,Brown,Sales,Specialist,69734.0,2017-04-05,22,F
2,Charlie,Smith,Finance,Clerk,102615.0,2019-07-08,24,M
3,Alice,Smith,Sales,Analyst,unknown,2019-02-25,34,M
4,Charlie,Smith,Sales,Manager,47019.0,2016-02-17,49,F
5,Charlie,Smith,Engineering,Manager,113613.0,2016-12-29,-5,F
6,Jane,Jones,Finance,Clerk,116672.0,2016-11-06,54,F
7,Alice,Williams,Finance,Analyst,103847.0,,59,F
8,Alice,Williams,Engineering,Analyst,112750.0,2021-11-09,27,M
9,Alice,Smith,HR,Specialist,unknown,2021-02-17,53,F
10,Charlie,Williams,Sales,Analyst,58251.0,2018-01-27,-4,M
11,Bob,Williams,IT,Analyst,,2019-04-21,37,F
12,Alice,Smith,Sales,Analyst,62217.0,2017-09-04,42,F
13,Diana,Williams,Sales,Engineer,38308.0,2017-10-05,32,F
14,Charlie,Brown,HR,Specialist,35949.0,2020-11-13,58,F
15,Jane,Johnson,Sales,Manager,81990.0,2019-08-15,57,F
16,Bob,Johnson,Engineering,Clerk,31150.0,,56,M
17,Diana,Smith,Engineering,Manager,119480.0,2019-03-29,40,M
18,Diana,Jones,Finance,Specialist,104740.0,2021-05-15,41,F
19,Jane,Smith,IT,Clerk,96617.0,2021-03-14,39,F
20,Bob,Jones,Sales,Specialist,unknown,2017-05-22,35,M
21,Charlie,Johnson,Sales,Analyst,76175.0,2019-12-27,36,F
22,John,Smith,HR,Clerk,37805.0,2018-07-20,52,F
23,Bob,Davis,Engineering,Analyst,35237.0,2020-10-10,22,M
24,Jane,Brown,IT,Manager,50056.0,2016-08-18,24,F
25,Diana,Williams,Finance,Manager,75543.0,2020-03-18,37,F
26,Charlie,Jones,Engineering,Clerk,86556.0,2016-12-29,44,M
27,Bob,Davis,Finance,Clerk,33343.0,2018-09-27,32,M
28,John,Williams,HR,Specialist,43500.0,2016-02-01,33,M
29,John,Williams,HR,Specialist,83222.0,2016-11-29,31,F
30,Alice,Smith,Sales,Analyst,59375.0,2021-02-02,53,M
31,Alice,Williams,IT,Clerk,,2019-06-24,37,M
32,Jane,Brown,Finance,Manager,46964.0,2016-01-31,29,M
33,Bob,Davis,Engineering,Specialist,89638.0,2021-10-28,59,M
34,Bob,Williams,HR,Specialist,103666.0,2015-03-17,33,M
35,Diana,Smith,Sales,Manager,115067.0,2015-09-22,45,M
36,Diana,Brown,Sales,Specialist,97215.0,2021-11-07,49,F
37,Diana,Johnson,Finance,Analyst,99042.0,2019-12-25,29,F
38,Alice,Davis,HR,Clerk,43284.0,2016-12-18,49,M
39,Bob,Williams,IT,Manager,102789.0,2017-04-30,57,M
40,Bob,Smith,HR,Clerk,114664.0,2018-10-22,47,M
41,John,Johnson,Finance,Specialist,91389.0,2015-05-24,29,F
42,Alice,Johnson,Finance,Specialist,39435.0,2017-06-03,49,F
43,Charlie,Jones,HR,Manager,84340.0,2016-01-31,49,F
44,Alice,Brown,Finance,Analyst,,2019-02-01,58,F
45,Charlie,Williams,HR,Engineer,108832.0,2018-03-13,57,F
46,John,Smith,Engineering,Manager,unknown,2017-11-28,48,F
47,Jane,Jones,HR,Engineer,108781.0,2020-11-26,38,F
48,Bob,Brown,HR,Engineer,90403.0,2017-12-01,30,F
49,John,Jones,Finance,Analyst,unknown,2018-04-24,54,F
50,Bob,Davis,Finance,Engineer,73919.0,,41,M
51,Diana,Brown,Sales,Engineer,65247.0,2016-09-25,34,M
52,Jane,Brown,Sales,Analyst,92752.0,2018-03-02,49,M
53,Jane,Williams,Engineering,Engineer,86573.0,2018-05-23,50,M
54,John,Brown,Sales,Engineer,89101.0,2017-01-02,34,F
55,Jane,Jones,HR,Engineer,56646.0,2015-08-23,56,F
56,Charlie,Brown,Finance,Manager,53049.0,2017-01-20,27,M
57,Jane,Williams,Sales,Manager,,2017-08-11,39,F
58,Bob,Williams,Sales,Manager,98385.0,2021-12-14,26,M
59,Bob,Davis,Engineering,Analyst,70158.0,2019-03-23,46,F
60,Bob,Jones,Engineering,Specialist,95417.0,,23,M
61,Bob,Johnson,HR,Engineer,53289.0,2019-08-04,31,F
62,Charlie,Johnson,Finance,Engineer,39823.0,2018-04-06,51,F
63,Alice,Brown,Engineering,Analyst,90160.0,2021-01-26,26,M
64,Diana,Davis,Sales,Engineer,71975.0,2018-11-17,54,F
65,John,Smith,Finance,Manager,39540.0,2018-05-02,22,M
66,Bob,Brown,Finance,Specialist,46364.0,2019-03-21,-5,M
67,Jane,Davis,Sales,Clerk,34611.0,2020-09-07,53,M
68,Bob,Jones,Engineering,Engineer,57663.0,2018-12-16,32,M
69,Jane,Jones,Sales,Manager,81991.0,2021-07-14,42,F
70,Diana,Jones,Finance,Clerk,87679.0,2019-02-28,47,F
71,Diana,Jones,IT,Specialist,60977.0,2018-10-20,46,F
72,Diana,Jones,IT,Clerk,79115.0,2020-01-31,43,M
73,Jane,Davis,HR,Manager,118223.0,,48,F
74,Bob,Davis,Sales,Clerk,90890.0,2016-05-14,34,M
75,Diana,Williams,Sales,Analyst,96387.0,2019-08-08,54,F
76,Charlie,Johnson,HR,Clerk,48071.0,2016-05-25,55,F
77,Jane,Jones,HR,Engineer,89275.0,2015-08-05,56,F
78,Jane,Smith,HR,Engineer,102369.0,2018-08-17,22,M
79,Bob,Davis,Finance,Analyst,41938.0,2018-03-01,42,F
80,Jane,Smith,Sales,Manager,65195.0,2020-01-02,27,F
81,Jane,Smith,Finance,Engineer,34000.0,2019-12-16,49,M
82,Diana,Smith,HR,Specialist,100588.0,2021-10-28,38,F
83,Bob,Williams,Sales,Engineer,68304.0,2018-04-20,26,M
84,Diana,Davis,Finance,Engineer,,2021-01-23,52,F
85,Diana,Smith,Finance,Manager,112986.0,2015-04-01,26,M
86,Bob,Jones,HR,Clerk,119643.0,2016-12-14,59,M
87,John,Brown,Sales,Engineer,50764.0,2020-02-25,24,F
88,Diana,Smith,HR,Analyst,116027.0,2015-02-08,44,M
89,Charlie,Williams,Sales,Clerk,68494.0,2015-06-22,58,M
90,Charlie,Davis,IT,Specialist,33373.0,2016-10-14,58,M
91,Jane,Williams,Engineering,Manager,42161.0,2017-01-23,31,M
92,Charlie,Smith,Engineering,Specialist,57350.0,2018-05-28,31,M
93,Jane,Davis,Engineering,Clerk,55351.0,2017-12-17,40,M
94,John,Brown,HR,Clerk,118668.0,2019-08-11,-4,F
95,Bob,Smith,IT,Clerk,45305.0,2021-11-28,42,M
96,Bob,Williams,Sales,Specialist,105353.0,2016-03-31,35,M
97,Bob,Johnson,Finance,Clerk,106797.0,2017-04-08,30,F
98,Charlie,Jones,Sales,Specialist,95953.0,2017-06-13,22,F
99,John,Williams,Finance,Clerk,87458.0,2018-10-16,34,F
100,Charlie,Davis,Sales,Analyst,50358.0,2020-05-12,-8,F
1,Bob,Brown,Sales,Specialist,69734.0,2017-04-05,22,F
2,Charlie,Smith,Finance,Clerk,102615.0,2019-07-08,24,M
3,Alice,Smith,Sales,Analyst,unknown,2019-02-25,34,M
4,Charlie,Smith,Sales,Manager,47019.0,2016-02-17,49,F
5,Charlie,Smith,Engineering,Manager,113613.0,2016-12-29,-5,F
6,Jane,Jones,Finance,Clerk,116672.0,2016-11-06,54,F
7,Alice,Williams,Finance,Analyst,103847.0,,59,F
8,Alice,Williams,Engineering,Analyst,112750.0,2021-11-09,27,M
9,Alice,Smith,HR,Specialist,unknown,2021-02-17,53,F
10,Charlie,Williams,Sales,Analyst,58251.0,2018-01-27,-4,M
